<?xml version="1.0" encoding="UTF-8"?>
<project-private xmlns="http://www.netbeans.org/ns/project-private/1">
    <editor-bookmarks xmlns="http://www.netbeans.org/ns/editor-bookmarks/2" lastBookmarkId="0"/>
    <open-files xmlns="http://www.netbeans.org/ns/projectui-open-files/2">
        <group>
            <file>file:/C:/Users/kcros/OneDrive/Documents/NetBeansProjects/WebApp/web/index.html</file>
            <file>file:/C:/Users/kcros/OneDrive/Documents/NetBeansProjects/WebApp/web/Question9.html</file>
            <file>file:/C:/Users/kcros/OneDrive/Documents/NetBeansProjects/WebApp/web/book.html</file>
            <file>file:/C:/Users/kcros/OneDrive/Documents/NetBeansProjects/WebApp/web/question8.html</file>
            <file>file:/C:/Users/kcros/OneDrive/Documents/NetBeansProjects/WebApp/web/getSessionData.jsp</file>
            <file>file:/C:/Users/kcros/OneDrive/Documents/NetBeansProjects/WebApp/web/check_number.jsp</file>
            <file>file:/C:/Users/kcros/OneDrive/Documents/NetBeansProjects/WebApp/src/java/CookieServletBackend.java</file>
            <file>file:/C:/Users/kcros/OneDrive/Documents/NetBeansProjects/WebApp/src/java/SaveBook.java</file>
            <file>file:/C:/Users/kcros/OneDrive/Documents/NetBeansProjects/WebApp/web/SetSessionData.jsp</file>
            <file>file:/C:/Users/kcros/OneDrive/Documents/NetBeansProjects/WebApp/web/CookiePage.html</file>
            <file>file:/C:/Users/kcros/OneDrive/Documents/NetBeansProjects/WebApp/src/java/Backend.java</file>
        </group>
    </open-files>
</project-private>
